Date;AVG_weather
04.янв;-14.08
05.янв;-16.86
06.янв;-13.30
07.янв;-12.75
08.янв;-15.41
09.янв;-6.25
10.янв;-1.49
11.янв;-9.48
12.янв;-14.98
13.янв;-23.96
14.янв;-24.95
15.янв;-22.65
16.янв;-21.38
17.янв;-18.90
18.янв;-18.63
19.янв;-17.48
20.янв;-21.23
21.янв;-23.44
22.янв;-34.66
23.янв;-33.23
24.янв;-29.84
25.янв;-31.45
26.янв;-29.84
27.янв;-26.48
28.янв;-25.03
29.янв;-20.98
30.янв;-20.83
31.янв;-13.21
01.фев;-16.90
02.фев;-13.50
03.фев;-11.41
04.фев;-12.81
05.фев;-14.39
06.фев;-16.74
07.фев;-14.70
08.фев;-14.90
09.фев;-11.76
10.фев;-15.38
11.фев;-15.86
12.фев;-13.41
13.фев;-12.75
14.фев;-19.51
15.фев;-19.58
16.фев;-19.69
17.фев;-16.91
18.фев;-19.44
19.фев;-17.54
20.фев;-10.89
21.фев;-5.31
22.фев;-12.84
23.фев;-12.68
24.фев;-12.30
25.фев;-11.39
26.фев;-5.21
27.фев;-6.40
28.фев;-7.03
01.мар;-17.76
02.мар;-19.88
03.мар;-14.16
04.мар;-10.96
05.мар;-7.16
06.мар;-0.60
07.мар;-12.01
08.мар;-13.68
09.мар;-6.81
10.мар;-8.53
11.мар;-12.99
12.мар;-14.24
13.мар;-10.44
14.мар;-5.63
15.мар;-10.86
16.мар;-11.74
17.мар;-8.46
18.мар;-1.46
19.мар;-3.78
20.мар;-7.94
21.мар;1.54
22.мар;3.71
23.мар;-0.10
24.мар;-4.86
25.мар;-1.94
26.мар;-4.05
27.мар;-2.29
28.мар;-2.43
29.мар;0.24
30.мар;-5.61
31.мар;-8.00
01.апр;-7.69
02.апр;-5.26
03.апр;-2.18
04.апр;-0.59
05.апр;2.90
06.апр;3.15
07.апр;1.44
08.апр;3.20
09.апр;1.96
10.апр;1.81
11.апр;4.79
12.апр;9.59
13.апр;5.96
14.апр;2.48
15.апр;4.04
16.апр;6.50
17.апр;3.94
18.апр;3.81
19.апр;0.70
20.апр;8.50
21.апр;12.58
22.апр;11.99
23.апр;12.35
24.апр;10.30
25.апр;5.49
26.апр;6.31
27.апр;7.89
28.апр;8.46
29.апр;14.99
30.апр;12.58
01.май;7.83
02.май;5.94
03.май;8.11
04.май;15.79
05.май;4.19
06.май;1.90
07.май;6.94
08.май;10.55
09.май;7.56
10.май;12.10
11.май;12.30
12.май;9.64
13.май;5.73
14.май;9.66
15.май;9.46
16.май;11.66
17.май;5.74
18.май;10.36
19.май;7.43
20.май;14.66
21.май;20.53
22.май;14.74
23.май;7.89
24.май;11.99
25.май;20.56
26.май;21.61
27.май;3.40
28.май;11.86
29.май;13.34
30.май;8.71
31.май;13.95
01.июн;19.98
02.июн;14.85
03.июн;9.53
04.июн;14.48
05.июн;20.90
06.июн;24.54
07.июн;25.58
08.июн;20.78
09.июн;13.88
10.июн;16.63
11.июн;20.06
12.июн;18.41
13.июн;13.88
14.июн;17.06
15.июн;21.73
16.июн;16.88
17.июн;16.61
18.июн;18.56
19.июн;17.63
20.июн;18.94
21.июн;23.60
22.июн;19.89
23.июн;19.36
24.июн;19.06
25.июн;18.24
26.июн;17.53
27.июн;16.31
28.июн;17.65
29.июн;19.58
30.июн;22.66
01.июл;20.65
02.июл;22.75
03.июл;20.99
04.июл;18.45
05.июл;22.20
06.июл;24.60
07.июл;24.86
08.июл;24.73
09.июл;27.10
10.июл;23.90
11.июл;23.78
12.июл;23.96
13.июл;22.85
14.июл;21.61
15.июл;20.89
16.июл;22.18
17.июл;22.18
18.июл;23.55
19.июл;24.55
20.июл;26.05
21.июл;23.45
22.июл;13.99
23.июл;11.28
24.июл;12.29
25.июл;18.54
26.июл;19.53
27.июл;22.26
28.июл;20.04
29.июл;22.56
30.июл;22.15
31.июл;15.44
01.авг;16.13
02.авг;19.79
03.авг;20.45
04.авг;20.91
05.авг;21.21
06.авг;21.23
07.авг;21.74
08.авг;24.40
09.авг;27.05
10.авг;22.83
11.авг;16.69
12.авг;14.51
13.авг;19.88
14.авг;22.50
15.авг;23.39
16.авг;19.86
17.авг;18.55
18.авг;22.08
19.авг;19.30
20.авг;16.53
21.авг;10.68
22.авг;16.50
23.авг;20.78
24.авг;17.78
25.авг;11.33
26.авг;11.98
27.авг;12.53
28.авг;14.11
29.авг;13.83
30.авг;14.18
31.авг;11.03
Grand Total;4.56
